title,price,category,url,image,status
Pot Lid Holder Storage Rack Wall Mounted Pan Cover Organizer Kitchen Accessories,21.99,kitchen,https://www.ebay.com/itm/155888203360?_skw=kitchen+accessories&itmmeta=01KN6G2Q23FGZ5VSV9X2E003J8&hash=item244ba93660:g:EeEAAOSwUUNlU36~&itmprp=enc%3AAQALAAAA8GfYFPkwiKCW4ZNSs2u11xBFL%2F0wz5BrivpGu9%2Briyw7uHBMT3q8F9hHsNkFmSRImbfESTlukRwba9zhBPfhHo2G64qUdNPOY1f46R%2BsBUjcedQoHa03v0yCPJuugZzaET%2FZdvrxVxqKgREkPA2%2BU2n5LLdcYgC4C9s1L16papPvIGOwJSFoxSZOF2CNQWcCV4zA0Tkl20XtDw8NEJ%2BemnNg7ewk5RK51uJpcc9uzA7Iji0L1FcMRFZFMiCgWvyYE3ngVzEAA%2Bw6C5oE2%2FysWAlMTFg4oUx5aZcHsQb0hhbiOTGLTJjz77fcAthbQpvEXA%3D%3D%7Ctkp%3ABk9SR77xitCpZw,,clean
Kitchen Accessories Stainless Wok Gas Stove Auxiliary Racks Support Frame//,3.15,kitchen,https://www.ebay.com/itm/277612251032?_skw=kitchen+accessories&itmmeta=01KN6G2Q23ZDWZFY5MAP4BH2H3&hash=item40a2fac798:g:It8AAOSwygNmfY9E&itmprp=enc%3AAQALAAAA8GfYFPkwiKCW4ZNSs2u11xBsYbPdSA5Aow4s0HVKbA33xraVJnMupmr2TlxO9sCt7LutvR23GbeYbyjfyC5ayQL3967Zl7oPOyne6aR3IF%2FT0Z3oIh8jooAINLTIHmKK%2FJ292HfR5ps8bxuQ319H7rub9COC4394rLwp7IeiPdFH4UGuY2ic8JAN7Kdf1WXPu5vrcfyjJNh%2FgQjeYZNMeWypVXJRfaY5dQc%2BbIHy%2BHzvBsRx%2Fs%2BrvNVtqI6ycKHgyEUhNzgEiDSOhvmNMTQ2ar3sMacy56ONrkE6ya0K3U1YLgC4bmLh6zkvvRLRvWUPwA%3D%3D%7Ctkp%3ABFBMvvGK0Kln,,clean
1x Home Kitchen Accessories Scoop Drain Gadgets Strainer Vegies Large-Tools,3.69,kitchen,https://www.ebay.com/itm/376726124899?_skw=kitchen+accessories&itmmeta=01KN6G2Q23M20356Q25203EFTN&hash=item57b6a07963:g:n-wAAeSwHo5pI9Ub&itmprp=enc%3AAQALAAAA8GfYFPkwiKCW4ZNSs2u11xBnijkyqkMlnj5fGwUChdNQwdOjmdiWfUyp6RlDmau8SOwEajVcAyNiD%2BoA7HDHwkLQOXbIYBQHiETYvy%2Fz%2Fc2Fhf85Z2oxMySuZkCpjJBMYbCTye%2Fp%2FQuN257%2FwohnCBj%2BEDb7xtrDfkGLXvQKTJLa8KB5ja9b8LGgULRl0yNyxLkF%2FpR9WmlkJ91vic0iVQH%2FTeVZXsPcRuOrolLeokQKC4%2FBuMxdWFnlUA5AOfOzWD05ltXudTFugL0Ko%2Fsc22Em%2BQCi2U%2Bu9qTBQ%2BXE%2BHHPUmwOcC1iFyO55jQiI2kHlw%3D%3D%7Ctkp%3ABk9SR77xitCpZw,,clean
Silicone Faucet Mat Dish Soap Sponge Holder for Kitchen Sink Accessories,8.49,kitchen,https://www.ebay.com/itm/397630142957?_skw=kitchen+accessories&itmmeta=01KN6G2Q236VAAWC8WDQABN9K6&hash=item5c949a79ed:g:~2UAAeSwERtpl8sH&itmprp=enc%3AAQALAAAA8GfYFPkwiKCW4ZNSs2u11xDQWBn0UKOazlxlgv5IGkcYF8sno%2Bh3iEMptBvau2WifeGVwBSvxuUddnRndKodQNGPQESrOcGWv7ZVSMjjJVSNmnsEhpiSowcKoS343NqqiW9RZOwEEnzkhpnUEdfaEs7CZhq29c3aGa87QqPpWl9ViwrlQy1i%2Bfqk0fca9ewPyVPCLX4FSyzZG9RJN9LFJKanEZ6Bpu%2FA04JP%2BFSyb242Cgv11VEBbtSITsWzsOjgDBQadz263puWAYWEBWKM1PYzRDeHJjl6TBkAi6PNVrFJKuZnRQXzhW7Bb8ZgUVbXEw%3D%3D%7Ctkp%3ABk9SR77xitCpZw,,clean
Kitchen Cabinet Shelves Organizer Storage Accessories Fixtures,9.69,kitchen,https://www.ebay.com/itm/306845134857?_skw=kitchen+accessories&itmmeta=01KN6G2Q2320FBW51P6PPCE8B1&hash=item4771653009:g:p9UAAeSwZLZpxYI9&itmprp=enc%3AAQALAAAA0GfYFPkwiKCW4ZNSs2u11xAHhk37J0TS3%2B5p%2Bgrm--kkhiYZaeByRDdCw1AzepJVONkMEs14QRdtujCmgfQcPiuKmPVgW9zHBTInuyzoR4%2BsMoMSHyxFb7QDokt%2FIelF40%2BTmrqwHa9cCmbsb3lYYMvkH8DXDHLUobQ3JrMYPCcoYMy%2F6HsTLr%2FJgtHZ1%2FOZ3dkdP92R%2F74WkDoHZu56m1wAc3D%2B79p5uVqy8M6s7ZUf%2FVeKepMhvwEF87qejNAyFqARSCLd6Y1naXcaPItFCIQ%3D%7Ctkp%3ABk9SR77xitCpZw,,clean
3x Home Kitchen Accessories Scoop Drain Gadgets Strainer Vegies Large-Tools,9.99,kitchen,https://www.ebay.com/itm/376757948170?_skw=kitchen+accessories&itmmeta=01KN6G2Q23PXZ57A5WHCP2FSTN&hash=item57b8860f0a:g:ti0AAeSwO7xpM~ZY&itmprp=enc%3AAQALAAAA0GfYFPkwiKCW4ZNSs2u11xDnnXNUtVtR46waA0en3qS88tVLAeUQkP8P3hp9QaFvPGPDpVhC7nRXuZzAg4x%2BO4OC6P62kwaNt%2BpW5HDhUddqTbBZzCNuHUFx4vfL1Bui98eDVddNw1IFTYmU3uB%2F044QwCXPd9QLRce8eX1fNd0ycg3TWqpq4B9NcxHxLsszc%2FqECq9PC%2FvYpkZ1qe9dtmSyu1hE3rb4Hz8Msye4ITP4OU2oH45Ius8h0Xu7VCcVF3oq4ZWyywwSlmXnnvWxqIE%3D%7Ctkp%3ABk9SR77xitCpZw,,clean
Lemon Paper Towel Holder - Lemon Kitchen Decor and Accessories Yellow Kitchen De,32.74,kitchen,https://www.ebay.com/itm/358049586505?_skw=kitchen+accessories&itmmeta=01KN6G2Q23T95F5QPPVHBN0YM5&hash=item535d6b1d49:g:afkAAeSwDIVpTDrn&itmprp=enc%3AAQALAAAA8GfYFPkwiKCW4ZNSs2u11xBHqF2D8KeoyNP0Oxeubo6vSYfdoB7Lx%2BIlm1QKXAmZi4YjQ%2BvujZqqJJQzCchenvb9o%2BQl6yaMFoQg4Ny8Z1WIh%2BZrZ2civMC%2FpVFS31tKeBkeD6DtnlCiUxNOb1kTR6qsNoLBsQOvfIHHvm7IMaRwpWGw3b8BTE57njuYXcgRwfRYepNJ6us0QPUFsy6w4nIfvJTl0ZzrVJ9ezQ%2B2pqxtDTAL5kVVIUzzZFrTEaQq1HNRCw0hOgDJK7iKvJE%2B%2Bl%2FP7wJK46tzmmWPUC5rt%2F7xNpWEA0NKfmCWugSVMdUzRQ%3D%3D%7Ctkp%3ABk9SR77xitCpZw,,clean
Food Plate Kitchen Accessories Kitchen Storage Tray Oval Stainless Steel,13.56,kitchen,https://www.ebay.com/itm/297955847488?_skw=kitchen+accessories&itmmeta=01KN6G2Q23EZSA578E009H458S&hash=item455f8d6d40:g:H84AAeSwdDVpcSio&itmprp=enc%3AAQALAAAA0GfYFPkwiKCW4ZNSs2u11xBgnNd94jCEPC8qShwZVXMm2zxTIkkoreOWOr8Z6%2BJk3q3irn2dupiKNS%2B3Rvg3PaMjbgJ%2BPZ%2FeEw%2FLQgfmG6CIEwli1ugr5plThRYoq4Q0%2BjNBrWjr%2FV0P5dwKAFKAcjEM8I49%2FvDyt%2Fn0FzaJjhS6vfsBU07L5GG7wcqa3uiREJicJcS8YYpd%2F%2BUYJyeNdnGkOK1%2B%2F0cN%2BNxBOzEcWs5t19ktrWTKDfO%2Bug2J4r2GrIb0DrQYofDOEJbHltgvBZw%3D%7Ctkp%3ABk9SR77xitCpZw,,clean
Stainless Steel Tong for Safe and Efficient Handling Kitchen Accessories,7.83,kitchen,https://www.ebay.com/itm/389505575350?_skw=kitchen+accessories&itmmeta=01KN6G2Q233K9ZGR68TE8BVTA0&hash=item5ab05769b6:g:Jz0AAeSwxCxpazsR&itmprp=enc%3AAQALAAAA0GfYFPkwiKCW4ZNSs2u11xC6gQcBY9Y7gwxO0VwVNKpUqBbld93JwUm8weGOJkHD3m%2BFD3w81ATw%2F1T3O%2F%2B27EqYx%2Bn9fkFLG84iW9XDhOG9pwVgzn4toezZ50AE17J5JfeORtO3ZUEZC20nUXjE%2F0bvO9HW9ncTbBd%2Bu0oEt%2BOGtXcJsd3Mc89CzghFLnK%2FjQhx4wXD%2FW0XJWwRd%2FX9Xa%2FeDFG052J7fSddWAxP4HO58kQcrL0lWANZRpnaE41J98xzVGSC35BCwevwOLYjhL4%3D%7Ctkp%3ABk9SR77xitCpZw,,clean
Kitch Supply Food Plate Kitchen Accessories Kitchen Storage Tray Stainless Steel,12.74,kitchen,https://www.ebay.com/itm/297955847497?_skw=kitchen+accessories&itmmeta=01KN6G2Q246S84AG52EDRMHQ8Z&hash=item455f8d6d49:g:F~MAAeSwoAdpcSki&itmprp=enc%3AAQALAAAA8GfYFPkwiKCW4ZNSs2u11xBnA%2BOFeK7RIIIK63cDwK0RnndWlqohAPdb1XoTMPrRBE0YC0RcZYz2zhUKF%2BSWSeFSz2gPv8vrv5I5REf2ZGLljRELrXZhkOnoW8uWc8jzdHcHxUmAux5LsDN5mIaF5nU0QyOHFw63fSEPEDXU0igP%2BifL2OMM1B1%2BUjHLqLE5fii%2Flzbw2xnzBtTQiQxj0hkg%2Bv1X1YjXdxIap8rC2dxHnCdFw7JwbGii3FHT2NB%2FKF08OWucGkfeGTeesPxTAyNrGQbRFbeskpPmRmFt2T3WYNufJ2dm1%2BMogKmNBgFK6g%3D%3D%7Ctkp%3ABk9SR77xitCpZw,,clean
Crusher Vegetable Onion Cutter Kitchen Cooking Accessories 500/900ML Manual Meat,17.92,kitchen,https://www.ebay.com/itm/257340770093?_skw=kitchen+accessories&itmmeta=01KN6G2Q246D4855XZ9QC5TJP1&hash=item3beab4872d:g:47MAAeSw6R9pgBl1&itmprp=enc%3AAQALAAAA8GfYFPkwiKCW4ZNSs2u11xC59CJ7BIHS5MaZKd7Z5s9MF5EkJpE%2FDqBPSp%2F0Sn0%2FaeeQqO6t6fH1T3U9D3rdaHlCpY%2F41ObG3kEgIjBIE3HFK5vpNSaaE49caDYxu6lf4T%2Bu19icy3bupQAl%2FMAEmu4O%2B3Sj4UhVkBLxu280YZXfhZ3miPxpZsygyNzMYdXBM%2BKOxGPZ6hIOG2qVdtGr%2BJFcdOfuYEZIvMrUi7w86MceeJtlwloJAes15%2BRZJCzW6okOnZI4CRdL87Mzlg3icf5yV8UlTb1nPfQmJzCwBUMJ3pDSAgrLZiJVPcCPxhHsqg%3D%3D%7Ctkp%3ABk9SR77xitCpZw,,clean
Baderke 6 Pcs Gold Kitchen Accessories Set Includes 3 Gold Mixing Bowls with Air,57.46,kitchen,https://www.ebay.com/itm/389689963201?_skw=kitchen+accessories&itmmeta=01KN6G2Q24HYWDKB34F5ZCS89E&hash=item5abb54f2c1:g:pL8AAeSwhYxppWjU&itmprp=enc%3AAQALAAAA8GfYFPkwiKCW4ZNSs2u11xDHjIkvEQlW2iRpzfO63BuXSIaTSgEECmxao0sH1ThPIEhTzK5IQJAdkNk0WBuf4Ex7gmQAQ5wtnu%2FH1%2BrEzkNfy9TlfxAC5QgcEBBXvvZSF%2FLUR7dcDoHibNZWpl%2FJoWaYEvLFzO%2BM0BFdG8GxiURv1zckIXk7HCElHcfWS%2FWwvONdxqY7%2F7lyPA3C1pmii5BErO4WiXbSf6GZUny1k9e2vOVtSu4icNzc6EJ32%2BqDaRnHzzDXAlv%2FW%2BEIYWHfrck4%2F%2BAJLCRMhA2IxnOeOd8Wx%2Bur7DPkYBuid9ThYe0PiQ%3D%3D%7Ctkp%3ABFBMvvGK0Kln,,clean
Kitchen Accessories Stainless Steel Apple Cutter Slicer Vegetable Fruit Tool Fru,15.0,kitchen,https://www.ebay.com/itm/127346017292?_skw=kitchen+accessories&itmmeta=01KN6G2Q242RSV28FRBJGMRHTX&hash=item1da66a040c:g:AtEAAeSw3eZotjdv&itmprp=enc%3AAQALAAAA8GfYFPkwiKCW4ZNSs2u11xBOwElOuIcS4QUM4t%2BEqs5UsWMfF1fLvX5w6LXIRr5MD2hq5229Fcnbs7pDRxRNweRmVo%2BPDq%2Blc82gsbzPtQ3AYHsL303BwMjJf0zNcTiGK0LWos1hSXILucD4cYPudfi%2B2EVPA2xCfy8MkIeD190YVMrvHQ9S7ZPZKL%2BNUq7r6Q4VeMsBh7h%2FC9EXJmgNYmltpmpB2yM76yHkElnJFIvUfmVvAU8aX3ak5l6VptjgnvU03oqYUY%2BXsXMsuKB%2BU6kGul12GGrbnFF6XbPcGSmXi5iyvTAEfAzrh0q7Db%2BiKg%3D%3D%7Ctkp%3ABFBMvvGK0Kln,,clean
10 Pcs Farmhouse Kitchen Decor and Accessories Set 4 Kitchen Towels 2 Pot Holder,51.77,kitchen,https://www.ebay.com/itm/127765359444?_skw=kitchen+accessories&itmmeta=01KN6G2Q24SKDKJAH8HNXQDTSD&hash=item1dbf68ab54:g:6m8AAeSwottpwTN1&itmprp=enc%3AAQALAAAA8GfYFPkwiKCW4ZNSs2u11xCk44hqy82QgAhDYCwMgbJP0qzq%2FS8l8dfxpZ0Yk%2B3XpUvITHiJI2jwo6Oseqb%2ByskDCa8iGOU%2FFSwhcNwAGOKhzuMx4XHwz2UJk5%2BcpGJG94xc7v8au%2B%2BDlYiDo0s%2FOU85zuWE2uYNRpQhTeAGQEXts7EiNgKt2vQtv8cpa5JseKqB%2B7SxN76T%2FISwpZunMjE%2Bz%2FGA8Zf3WVr2jFJkTY3peCnBPAK4cFFN8eDSR81xSP4v0q9y5x08r%2BgINsOh2gZL%2BbPIzw4mfN7H9dKIn6lGjnyzzMop99%2BFIzWqMp6Dbw%3D%3D%7Ctkp%3ABFBMvvGK0Kln,,clean
Olive Wood Cooking Utensils - Handmade Wooden Kitchen Accessories - SkandWood,10.0,kitchen,https://www.ebay.com/itm/263395730177?_skw=kitchen+accessories&itmmeta=01KN6G2Q24J6NAHBFWG6G0G71Y&hash=item3d539be301:g:TnEAAOSwq-1a6M6v&itmprp=enc%3AAQALAAAA8GfYFPkwiKCW4ZNSs2u11xBAJCuZXW1Oiio1w8k6AxEAKlH92spksSdWclUsIePdlUPbBJWVLEMc6nJjYExL33Our8JYZDkArLYHiTPi%2B1P0U3%2BJ9GCt0C%2F7Sf9a4XUpqrH%2BfWwLDQhf0DQso%2BjRZG63SM88ROSbwAFpqabbk56mU1anPep1%2FukkM%2FVFfrnXTUCLAgWKu7%2BGARsgoi8nwWNLjPyYhR1ASDXNCdX8g95wfMquhKWMpFGI%2B0mC%2BH6O4vE3CH45vaRBrNldBNa0YDYdYF3ikbOjodB4BCkx5FVcKNjN4rPtWPQSi2DeHKoQ3Q%3D%3D%7Ctkp%3ABk9SR8DxitCpZw,,clean
"Expandable kitchen baking utensils organizer, household kitchen accessories",19.99,kitchen,https://www.ebay.com/itm/387524895165?_skw=kitchen+accessories&itmmeta=01KN6G2Q24F6K185MFPM64SJAY&hash=item5a3a48a1bd:g:YDAAAOSw9H9nGGhU&itmprp=enc%3AAQALAAAA0GfYFPkwiKCW4ZNSs2u11xDJft9mSclCDACJrLjVPTn50NV6ylEcFyCCGmTk1JpL2%2BQARmkWoXLwcaijDD1fxbOcjdbvx7vs4uegTfnVeuTjviArJnijVVztBUwZmxHSKZbv1XjXT20w07dlhABqaL6DkkocVPU9ee2upia%2FxGgxf38xZXOSPZjKlQQBxCCOelgqfwXNpgGjzGY3bz7qBYR4vcBf3LzWtKjBlnI2CtKdPIkd7yQo5tpBk72vWT4K2rwWvhfAQLdY5DXNBKGX8W0%3D%7Ctkp%3ABk9SR8DxitCpZw,,clean
Kitchen Accessories Stainless Steel Manual Can Opener Multifunctional Tin-opener,10.3,kitchen,https://www.ebay.com/itm/257335988898?_skw=kitchen+accessories&itmmeta=01KN6G2Q24ZH8PF3JMK7WBE1B5&hash=item3bea6b92a2:g:kyoAAeSwVvNpfAa0&itmprp=enc%3AAQALAAAA0GfYFPkwiKCW4ZNSs2u11xDOA0jEX0tx7hf8uuENTZTPi9KZ7yR9JXJfyi9wqHxp1RJbazRyCM%2F2ykWESBBn7BUnSNV8RYkQAxbDzgt4gK5C6A3vMhSigWc1X%2B30L03W2ODs%2BwcubR5jQcgXI4McdVQeRY%2FOh2EYjtmmgNBuL90dhdiBXnJF1YWXHKcMwTx1zrZaCeEC8ciz9%2FuqZqHwSQYfgclvREQtLuahT%2B6tNzkO60kbIaZ%2BTFgkIZe4wHc2q8F3SQVras9nLbUWZuLsO3Y%3D%7Ctkp%3ABk9SR8DxitCpZw,,clean
Retro Kitchen Accessories Rust proof Beer Opener Convenient and Stylish,9.68,kitchen,https://www.ebay.com/itm/127591727995?_skw=kitchen+accessories&itmmeta=01KN6G2Q24WWD6AHH375RTYX6M&hash=item1db50f437b:g:qmwAAeSw-lRpUwNM&itmprp=enc%3AAQALAAAA8GfYFPkwiKCW4ZNSs2u11xAbAzCQwZb0fH%2B33qEh2DEGrtH3T4LvPwwVs%2F%2BBDuKe3L56lJYEfQOTFypveyaBRxSlZ6Okwl1I9TE%2FxWZd1uPGgbeO6f74AO8UYtJuG4aC848fLz1xUR%2FQY2v1%2BXCokx0XNQqIPmndsuRz4gv7ICQMFThA0kCbfi%2BkM%2BKTYOGy0Fxkufq5oRzG8shP5wSBktSskgiwO94D0G6dqzWU6QCGpu2y1HakwDs2sWKZARuvja22%2BQtcIHTcr7OPAaem%2FCoBhd1zKwZ8FMyHpEr51cT1aXf%2BaePOqUEmuy5W4ybuQA%3D%3D%7Ctkp%3ABk9SR8DxitCpZw,,clean
Metal Filter Grease Filter Kitchen Accessories 5 Layers Replacement 1PC,22.04,kitchen,https://www.ebay.com/itm/297949303278?_skw=kitchen+accessories&itmmeta=01KN6G2Q24WC348R4ACMVSCKDQ&hash=item455f2991ee:g:M04AAeSwl29pboXH&itmprp=enc%3AAQALAAAA0GfYFPkwiKCW4ZNSs2u11xDBsQUqzPPNrF7ji4ScjHNwT5R5ivYXtds3rcsimVv13bSElcRoaj1SknBA2uhKZMffExH1NPGf2YtYiI2saH8xdKpX8Ejv0Y7HEPjqbgeAmQ5DTisRKstW02LVHSe3vTaQoawEHkGjH%2F3J%2Bkg2XBQLykii0gS9XVOGbwZM5u5zBIz%2Fk0Brld3s9bCptxoX%2BT9zFHNd0AdFfSu%2B9XfsPyEoI6f5IUucQa%2BwyJDrm3qnMeWeAJJ%2F1VeGW%2FjgrlaEpn8%3D%7Ctkp%3ABk9SR8DxitCpZw,,clean
"Paper Towel Holder Countertop, Gold Kitchen Accessories Decor, Stainless Steel,",43.66,kitchen,https://www.ebay.com/itm/377005633948?_skw=kitchen+accessories&itmmeta=01KN6G2Q24VEW8AWQSXQA0J5RC&hash=item57c749719c:g:iuMAAeSwyndpprgb&itmprp=enc%3AAQALAAAA0GfYFPkwiKCW4ZNSs2u11xBbtsHPW%2FjeGL0XoDKCMBIaMP9oLhnA8OlF8Zob4yRpB%2BtR2B96rqYLvq8wpuXpqUnyMwXiLRQjXtzF262z1tJFzuaQDt%2F3YJXqUPB183wqVZcEdvwHc%2BM7UCpj8u3TqXxBTj3RxKaIImyfcyorm9HIq5yqhWSeYofz4URMwKMpPh1UxQqGQHhHeS2tV%2FaOXFAhjbthIBJQ5JOufXnWzQEi%2FOc4OK9FNRefeIAO1S2rVWZqFQvED9kx3r91BxyCrQI%3D%7Ctkp%3ABk9SR8DxitCpZw,,clean
"All-Clad Kitchen Accessories Stainless Steel 3-Piece Mixing Bowl 1.5, 3, 5 Quart",100.0,kitchen,https://www.ebay.com/itm/257421438732?_skw=kitchen+accessories&epid=691205019&itmmeta=01KN6G2Q247DQPW627VT85RFTR&hash=item3bef836f0c:g:jOgAAeSw7-tpwZfU&itmprp=enc%3AAQALAAAA8GfYFPkwiKCW4ZNSs2u11xDtCsnd3e4uktZajQd8ElY9Xy%2B9bfhR%2B0pb0Lz5vTWzTqKxcVVWErdLdyhqcsLAQkfEFPl6HFx%2FGqL8a0sDGt6R%2BpLe4ksgBIcsB4aO%2FgG2wTt%2FlkSuER70eBk16KBpVvkzViJU72%2BrlLxXrj3maorJR4Y9SDc%2FqOH%2FqjDvqU0R9GXf9JCr9fteruMOXF5VU1xIkT%2Bgy%2BP1U5x8T%2BmrVt3T0uBFTyJ2RGpyb4eWl%2FCqaHkDCfh6i7QYnxWDpY8TxPyNqLnr%2B3Q6y%2B%2BBgX3qpfE23zeElva9glLg7OEFdcl9IQ%3D%3D%7Ctkp%3ABk9SR8DxitCpZw,,clean
Food Plate Kitchen Accessories Kitchen Storage Tray Cosmetics Food Tray,10.72,kitchen,https://www.ebay.com/itm/127592673210?_skw=kitchen+accessories&itmmeta=01KN6G2Q25Q40HZ75XVHR0Q4C3&hash=item1db51dafba:g:uc8AAeSw-lRpU6qg&itmprp=enc%3AAQALAAAA0GfYFPkwiKCW4ZNSs2u11xBoPltahf4bAPKjR34WfxWneqiUbdgUsn8mKhqIurnABf%2Fr%2B3YizVGcqE3RcOW5Y6iWKasjGzcPVuzSskgH0ffvcGe81ojdb8p3AB%2BCqHNnR7%2FdIAxSdklF2m8jEL92GZsfwy9vWEw2AXz6mXPcHAK49Fq1iYPD3FzD0TFDJzdOUcmkOTagfyCwschUNVjCfcXieXgUp2b6kNhXfsm9z1KzSYeTs%2B8cVS%2FcFBNa%2FlBhtQfG3IER1AlCiQUpLVCTvSY%3D%7Ctkp%3ABk9SR8DxitCpZw,,clean
KitchenAid Stand Mixer Cable Wrap | Cord Wrap | Kitchen Accessories for Baking,8.99,kitchen,https://www.ebay.com/itm/384849892767?_skw=kitchen+accessories&itmmeta=01KN6G2Q2555KBM32F4HK67GPC&hash=item599ad7559f:g:3NQAAOSwZzNiY0LK&itmprp=enc%3AAQALAAAA0GfYFPkwiKCW4ZNSs2u11xCfWS%2BmGRRHRg84NXgS5%2BdTtLlDby4JqPL0qURaUnJ77%2BcPANXOQhA8uQdFO06afTj7P9ZWYDWS%2Fq8F3XWQ2zK1d1fRZ8sgsF3CvbOsoasSb13jXyyONZoJE2cYMOX%2Flg%2FYMdVYcbN6XGtB4xWr7optJ3IsTNKWTf7lfNwpiv4C%2FgugCHfCm0FW7RyesSGN2ZoPdsp%2BkGL5GzV4xHBT04p4m4knPIMGW4eSbfegGHsBoJzl79%2BQ94YUX%2F0S05%2FS28U%3D%7Ctkp%3ABk9SR8DxitCpZw,,clean
Stainless Steel Kitchen Mixers Accessories Compatible with KitchenAid Mixer a...,51.59,kitchen,https://www.ebay.com/itm/267516703869?_skw=kitchen+accessories&itmmeta=01KN6G2Q25BDD1R0SHFE04AS7Z&hash=item3e493cf47d:g:bR8AAeSwfNhpRSHw&itmprp=enc%3AAQALAAAA8GfYFPkwiKCW4ZNSs2u11xBEuXhQTO50PF%2F%2BPFJvG0rTG1hpgRHXFjk9kRfvFs0EJOUvv0%2BjCl3eqbfNBVURsBVFJiYIR%2BdjsK59QBf%2F1dSJAiPnCO5%2B1DeK3OnlhLDDzYRHBZs67gd9ZXxnBq8HF5a%2Fa1ysIe65Qd%2FBm0txjsyLHx9gRmiV7jRbMyykYqOnhZcdxFqEMdauqzzZ9NyN%2BLX%2BJfegqXyWhUu79u2ZKUsfhYq%2FzvdRunGJQonZEIiomwx2%2BeWKJbs9nsOjVC0wKRcGUwDTjwb7Gf1TYV4EuIjGN%2BfuxFq5WRCNJyNjdOAbtw%3D%3D%7Ctkp%3ABk9SR8DxitCpZw,,clean
Multifunction Julienne Peeler Vegetable Peeler Kitchen Accessories Cooking Tools,7.76,kitchen,https://www.ebay.com/itm/315407447956?_skw=kitchen+accessories&itmmeta=01KN6G2Q25DJSTTD9KJ7Y7V4SC&hash=item496fbfb794:g:UrYAAOSwTK5mWp~6&itmprp=enc%3AAQALAAAA8GfYFPkwiKCW4ZNSs2u11xDOmtDxlV1iP9HxRoKVTcqlTG%2FscDD9gHf%2FHVqQNRWr117RyQ3jPstsLijX2DalZBA%2BFryaenZpGlrOg81ybdrYiNg2SoUogbeVf4Q0y%2Bh3ASIYdKcR01ig5cR88wzBid35wip5nA0bOsM7UA8%2FAgz7kpjYNNSA2nq6XoQigEpv9MGDbEphjX6nkw57iwJK7KNlrCXJmkvs2uJ%2FzS9DS%2B%2FMZw7D6UP2Wj58reGiac9%2BF%2BX%2FPE2DVbEt35SIrveBHBfQq37a%2BynpjoiDrSz%2FljprhmbsI8XKRzL%2FE8ttg0VqAg%3D%3D%7Ctkp%3ABk9SR8DxitCpZw,,clean
For KitchenAid 4.5/5 Quart Mixer Bowls Flex Edge Beater Home Kitchen Accessories,17.19,kitchen,https://www.ebay.com/itm/406804727942?_skw=kitchen+accessories&itmmeta=01KN6G2Q25H9MXJT3HMFGXDYS8&hash=item5eb7738886:g:c5EAAeSwb5xpxYJE&itmprp=enc%3AAQALAAAA0GfYFPkwiKCW4ZNSs2u11xDrwe9e3gXHRDcjPQMau4VcIFBzP1WE5RM6e%2FQ2pi8Nypw41jBKgvIs%2Byrpf5iUoLyWcek%2BimiVNaFoAzs30pTQVk2E7nQUjKAKtdpGGlC%2BnpdI7CWMh1aoeB1LpCce%2B%2FEHy0f187XfIAIfzY6yo71EeMADt6ipPFDg3pWpaQQa3OBB%2BSHvzYnWvJTD9HNvmAaYQwJ6i%2B0xCw29K111uj5yYv7E6nbYhxmElYE9gNtf6bbXk7FhYykpG2%2F%2Bx%2B9U4jk%3D%7Ctkp%3ABk9SR8DxitCpZw,,clean
Cute Kitchen Accessories Cow Sponge Holder Home Decor Design Ceramic Kitchen,24.18,kitchen,https://www.ebay.com/itm/336478017754?_skw=kitchen+accessories&itmmeta=01KN6G2Q25BHHW42GBX40M2AVC&hash=item4e57a718da:g:hFUAAeSwUEdps~A-&itmprp=enc%3AAQALAAAA8GfYFPkwiKCW4ZNSs2u11xBQ34TI%2FXEMO2jBMn8AdvMMEARG3m8dZXr89AcEZcKy0D13RaLgwEKZtVAqkFT%2BrV6wGMP7B9sEzgxtJlPRLSPk4mjlBcGxivwqcLdCH2weuL4%2Fd%2FZ6sc3MiS9%2Bl8BdUfU4tz9ehg%2FY1Icl2Vol3V%2BhGcq3mIB18F9UGQC4CvtkkeiNASN1nwWppVsCGCmohLq4KxzjrU%2BJO1%2FYMS7TNjpEau6b1NzUNO%2FkAL9tsJ%2FE9HIveMHePpPvjZsYQoHGmIgRLFy3Du%2BSKu1DEIljUciDIy6TuerPj38OIMCBfy3Zlw%3D%3D%7Ctkp%3ABFBMwPGK0Kln,,clean
Pot Lid Holder Storage Rack Wall Mounted Pan Cover Organizer Kitchen Accessories,22.99,kitchen,https://www.ebay.com/itm/335856356891?_skw=kitchen+accessories&itmmeta=01KN6G2Q25RH08BGQSPXQ8G1KQ&hash=item4e32994e1b:g:wM4AAOSwA3BlU36~&itmprp=enc%3AAQALAAAA8GfYFPkwiKCW4ZNSs2u11xAJV1SJ507ssjL%2BuK7DCbsGXKc0zSyr1%2BTDbQ11xqnMpV12xxkkBB6rgCtBhDkfMwKA5DSysDT5YkaUnF09PrdSt9BxeB1zQqKmSpaeQ4SzXQPs5eeyUPWsshnYg518J7zOhn4%2Ff%2FVV%2F26KxzQ9VoOntLxy%2FRo6GZsB%2BmdVK%2FLryvk79AuP1EMvLeoJRjDToPf4S07aAJhUgkB1IqUcfW%2ByC6RZkniJIZMM88g25kiQ41qugkUnwvVRljfefhee83PWJcA49SQt7SDh9W1%2FjGB1GgmPoLQErpWz0oW5mF01mQ%3D%3D%7Ctkp%3ABFBMwPGK0Kln,,clean
Vegetable Slicer Manual Kitchen Accessories Vegetable Chopper 3 in 1,28.4,kitchen,https://www.ebay.com/itm/306803193644?_skw=kitchen+accessories&itmmeta=01KN6G2Q25N5M6HF41NY5B3YK2&hash=item476ee5372c:g:yxAAAeSwd6FpqGCE&itmprp=enc%3AAQALAAAA8GfYFPkwiKCW4ZNSs2u11xB3gMhAInjRTM4GM9t5%2FB6d1km%2BK1kIBb9hq%2BAbBoQdogV9H64k0jzLVHyETQPLyreo8fbAgKs1WQ1VOGUpwEZQt7MAYaxbB8iC2BZFfJX7IYS9zWEjICvcF57JnEZbSKgwJrMdD57MBlqakArJjYS5lEsqWKq216%2BFFXv0lKmIX%2BiD2izjBogDHbxLozpIfiA2M5zh2N5AIjjHkdSSwPxkGzHoHyCZb1RUZVuSmuxudDldU7JME3fqPygQ%2FzJCBrrt9FbEnwIXSrZXTD44NVObqMFSz6gt7qaCB1TyNeZhJA%3D%3D%7Ctkp%3ABFBMwvGK0Kln,,clean
360 Degree Diffuser Swivel Kitchen Accessories Cleaning Fruit Vegetable Tools Sp,14.38,kitchen,https://www.ebay.com/itm/187900861323?_skw=kitchen+accessories&itmmeta=01KN6G2Q25YXY877RKYVCFTFV7&hash=item2bbfc39b8b:g:WZAAAeSwo~RpVYjE&itmprp=enc%3AAQALAAAA8GfYFPkwiKCW4ZNSs2u11xB2cKWFzKJ51GoYAd52o8rZG6VL3x1IqhvuCS3HNxixV9KK9RMjiVBkQSKEXo%2BhWsi3QA%2F9f8QMSSh4lzMIJFyVPYvEJHIqXrpiiOpSMGIodwyqvmu92WlmH%2BgLlV1R3iCqHDSqIcKKMg2cvojhjcc00Ra%2F%2BBEJrhwM7PB5e5D4C5C9HIFUjWZu1Z%2BZVhHRjxgVjeBKxA4MIKZ3t4do1eRsBmP7oz1jqmqiRZhY1zepvdtYDXN9zrSlvg0%2FC8fZNAh7nDze4%2FQe29cVL0DVs7d1E7dXceLf1C2Qe4%2FqRVYDGg%3D%3D%7Ctkp%3ABFBMwvGK0Kln,,clean
